{
  "СК-42": {
    "ΔX": 23.56,
    "ΔY": -140.86,
    "ΔZ": -79.77,
    "ωx": -0.001738,
    "ωy": -0.346441,
    "ωz": 0.794263,
    "m": -0.2274
  },
  "ПЗ-90.11": {
    "ΔX": 0.0,
    "ΔY": -0.014,
    "ΔZ": 0.008,
    "ωx": 0.000562,
    "ωy": 0.000019,
    "ωz": -0.000053,
    "m": 0.0006
  }
}